state,avg_crime,avg_income,avg_poverty
Selangor,78813.625,3672.55,15.9
W.P. Kuala Lumpur,38850.5,4530.555555555556,15.138461538461538
Johor,32981.5,2713.25,15.015384615384615
