state,avg_crime,avg_income,avg_poverty
Selangor,78813.625,3613.3333333333335,15.9
W.P. Kuala Lumpur,38850.5,4530.555555555556,15.138461538461538
Johor,32981.5,2699.714285714286,15.015384615384615
